{"Version":2,"SourceFileDate":132852579291830932,"Flags":["FL_BITMAP_COMPRESSION","FL_BITMAP_MIPMAP","FL_BITMAP_QUALITY_HIGH","FL_BITMAP_PRECOMPUTED_INV_AVG"],"InvAvgColor":[1.0180932283401489,1.0180819034576416,1.0180796384811401],"HasTransp":true}