{"Version":2,"SourceFileDate":132852580041988599,"Flags":["FL_BITMAP_COMPRESSION","FL_BITMAP_MIPMAP","FL_BITMAP_QUALITY_HIGH","FL_BITMAP_PRECOMPUTED_INV_AVG"],"InvAvgColor":[3.4367918968200684,3.3891961574554443,3.3072326183319092],"HasTransp":true}