{"Version":2,"SourceFileDate":132853300495166769,"Flags":["FL_BITMAP_COMPRESSION","FL_BITMAP_MIPMAP","FL_BITMAP_QUALITY_HIGH","FL_BITMAP_PRECOMPUTED_INV_AVG"],"InvAvgColor":[1.4853668212890625,2.7830309867858887,5.8145437240600586],"HasTransp":true}