{"Version":2,"SourceFileDate":132851006171017724,"Flags":["FL_BITMAP_COMPRESSION","FL_BITMAP_MIPMAP","FL_BITMAP_QUALITY_HIGH","FL_BITMAP_PRECOMPUTED_INV_AVG"],"InvAvgColor":[5.4528975486755371,9.6573495864868164,76.30438232421875],"HasTransp":true}