{"Version":2,"SourceFileDate":132853305337239316,"Flags":["FL_BITMAP_COMPRESSION","FL_BITMAP_MIPMAP","FL_BITMAP_QUALITY_HIGH","FL_BITMAP_PRECOMPUTED_INV_AVG"],"InvAvgColor":[1.1417026519775391,2.0449552536010742,2.0277609825134277],"HasTransp":true}