{"Version":2,"SourceFileDate":132852849183370529,"Flags":["FL_BITMAP_COMPRESSION","FL_BITMAP_MIPMAP","FL_BITMAP_QUALITY_HIGH","FL_BITMAP_PRECOMPUTED_INV_AVG"],"InvAvgColor":[3.490020751953125,6.1839256286621094,49.221229553222656],"HasTransp":true}