{"Version":2,"SourceFileDate":132851006753987839,"Flags":["FL_BITMAP_COMPRESSION","FL_BITMAP_MIPMAP","FL_BITMAP_QUALITY_HIGH","FL_BITMAP_PRECOMPUTED_INV_AVG"],"InvAvgColor":[3.7797162532806396,6.6968045234680176,53.24383544921875],"HasTransp":true}