{"Version":2,"SourceFileDate":132852847534641706,"Flags":["FL_BITMAP_COMPRESSION","FL_BITMAP_MIPMAP","FL_BITMAP_QUALITY_HIGH","FL_BITMAP_PRECOMPUTED_INV_AVG"],"InvAvgColor":[4.858487606048584,8.6059675216674805,68.147193908691406],"HasTransp":true}