{"Version":2,"SourceFileDate":132852849514244283,"Flags":["FL_BITMAP_COMPRESSION","FL_BITMAP_MIPMAP","FL_BITMAP_QUALITY_HIGH","FL_BITMAP_PRECOMPUTED_INV_AVG"],"InvAvgColor":[6.2513022422790527,11.069284439086914,87.21417236328125],"HasTransp":true}