{"Version":2,"SourceFileDate":132852847940720233,"Flags":["FL_BITMAP_COMPRESSION","FL_BITMAP_MIPMAP","FL_BITMAP_QUALITY_HIGH","FL_BITMAP_PRECOMPUTED_INV_AVG"],"InvAvgColor":[6.0624656677246094,10.735540390014648,84.632179260253906],"HasTransp":true}