{"Version":2,"SourceFileDate":132851007238952088,"Flags":["FL_BITMAP_COMPRESSION","FL_BITMAP_MIPMAP","FL_BITMAP_QUALITY_HIGH","FL_BITMAP_PRECOMPUTED_INV_AVG"],"InvAvgColor":[5.823638916015625,10.313131332397461,81.373367309570312],"HasTransp":true}