{"Version":2,"SourceFileDate":132851007669473057,"Flags":["FL_BITMAP_COMPRESSION","FL_BITMAP_MIPMAP","FL_BITMAP_QUALITY_HIGH","FL_BITMAP_PRECOMPUTED_INV_AVG"],"InvAvgColor":[3.5014464855194092,6.204073429107666,49.382423400878906],"HasTransp":true}