{"Version":2,"SourceFileDate":132851007960391352,"Flags":["FL_BITMAP_COMPRESSION","FL_BITMAP_MIPMAP","FL_BITMAP_QUALITY_HIGH","FL_BITMAP_PRECOMPUTED_INV_AVG"],"InvAvgColor":[3.9425907135009766,6.985041618347168,55.504478454589844],"HasTransp":true}