{"Version":2,"SourceFileDate":132874048211443766,"Flags":["FL_BITMAP_COMPRESSION","FL_BITMAP_MIPMAP","FL_BITMAP_QUALITY_HIGH","FL_BITMAP_PRECOMPUTED_INV_AVG"],"InvAvgColor":[183.9114990234375,175.65855407714844,189.38771057128906],"HasTransp":true}