{"Version":2,"SourceFileDate":132857133549491473,"Flags":["FL_BITMAP_COMPRESSION","FL_BITMAP_MIPMAP","FL_BITMAP_QUALITY_HIGH","FL_BITMAP_PRECOMPUTED_INV_AVG"],"InvAvgColor":[5.52337646484375,9.7820110321044922,77.27178955078125],"HasTransp":true}