{"Version":2,"SourceFileDate":132853306158269480,"Flags":["FL_BITMAP_COMPRESSION","FL_BITMAP_MIPMAP","FL_BITMAP_QUALITY_HIGH","FL_BITMAP_PRECOMPUTED_INV_AVG"],"InvAvgColor":[1.1372355222702026,3.763798713684082,3.696152925491333],"HasTransp":true}