{"Version":2,"SourceFileDate":132851010030238546,"Flags":["FL_BITMAP_COMPRESSION","FL_BITMAP_MIPMAP","FL_BITMAP_QUALITY_HIGH","FL_BITMAP_PRECOMPUTED_INV_AVG"],"InvAvgColor":[5.9606471061706543,10.555597305297852,83.245384216308594],"HasTransp":true}