{"Version":2,"SourceFileDate":132852846330779227,"Flags":["FL_BITMAP_COMPRESSION","FL_BITMAP_MIPMAP","FL_BITMAP_QUALITY_HIGH","FL_BITMAP_PRECOMPUTED_INV_AVG"],"InvAvgColor":[3.6098136901855469,6.395942211151123,50.888076782226562],"HasTransp":true}