{"Version":2,"SourceFileDate":132851005951906874,"Flags":["FL_BITMAP_COMPRESSION","FL_BITMAP_MIPMAP","FL_BITMAP_QUALITY_HIGH","FL_BITMAP_PRECOMPUTED_INV_AVG"],"InvAvgColor":[5.1050581932067871,9.0420246124267578,71.540008544921875],"HasTransp":true}