{"Version":2,"SourceFileDate":132851001862913509,"Flags":["FL_BITMAP_COMPRESSION","FL_BITMAP_MIPMAP","FL_BITMAP_QUALITY_HIGH","FL_BITMAP_PRECOMPUTED_INV_AVG"],"InvAvgColor":[1.2514032125473022,2.2183482646942139,17.816263198852539],"HasTransp":true}