{"Version":2,"SourceFileDate":132879291713736957,"Flags":["FL_BITMAP_COMPRESSION","FL_BITMAP_MIPMAP","FL_BITMAP_QUALITY_HIGH","FL_BITMAP_PRECOMPUTED_INV_AVG"],"InvAvgColor":[3.9285662174224854,6.9602603912353516,55.306533813476562],"HasTransp":true}