{"Version":2,"SourceFileDate":132851004687327500,"Flags":["FL_BITMAP_COMPRESSION","FL_BITMAP_MIPMAP","FL_BITMAP_QUALITY_HIGH","FL_BITMAP_PRECOMPUTED_INV_AVG"],"InvAvgColor":[4.1896815299987793,7.4223828315734863,58.924331665039062],"HasTransp":true}