{"Version":2,"SourceFileDate":132857132652289721,"Flags":["FL_BITMAP_COMPRESSION","FL_BITMAP_MIPMAP","FL_BITMAP_QUALITY_HIGH","FL_BITMAP_PRECOMPUTED_INV_AVG"],"InvAvgColor":[4.2806229591369629,7.5833191871643066,60.179531097412109],"HasTransp":true}