{"Version":2,"SourceFileDate":132851005594760196,"Flags":["FL_BITMAP_COMPRESSION","FL_BITMAP_MIPMAP","FL_BITMAP_QUALITY_HIGH","FL_BITMAP_PRECOMPUTED_INV_AVG"],"InvAvgColor":[6.1467585563659668,10.884464263916016,85.779922485351562],"HasTransp":true}