{"Version":2,"SourceFileDate":132852847051985982,"Flags":["FL_BITMAP_COMPRESSION","FL_BITMAP_MIPMAP","FL_BITMAP_QUALITY_HIGH","FL_BITMAP_PRECOMPUTED_INV_AVG"],"InvAvgColor":[3.5207159519195557,6.2382335662841797,49.647651672363281],"HasTransp":true}