{"Version":2,"SourceFileDate":132851009809214709,"Flags":["FL_BITMAP_COMPRESSION","FL_BITMAP_MIPMAP","FL_BITMAP_QUALITY_HIGH","FL_BITMAP_PRECOMPUTED_INV_AVG"],"InvAvgColor":[10.564718246459961,18.687814712524414,144.92893981933594],"HasTransp":true}