{"Version":2,"SourceFileDate":132851007469779197,"Flags":["FL_BITMAP_COMPRESSION","FL_BITMAP_MIPMAP","FL_BITMAP_QUALITY_HIGH","FL_BITMAP_PRECOMPUTED_INV_AVG"],"InvAvgColor":[3.596893310546875,6.3730545043945312,50.710338592529297],"HasTransp":true}