{"Version":2,"SourceFileDate":132851008690424125,"Flags":["FL_BITMAP_COMPRESSION","FL_BITMAP_MIPMAP","FL_BITMAP_QUALITY_HIGH","FL_BITMAP_PRECOMPUTED_INV_AVG"],"InvAvgColor":[3.4608492851257324,6.1322460174560547,48.815883636474609],"HasTransp":true}