{"Version":2,"SourceFileDate":132874048188502102,"Flags":["FL_BITMAP_COMPRESSION","FL_BITMAP_MIPMAP","FL_BITMAP_QUALITY_HIGH","FL_BITMAP_PRECOMPUTED_INV_AVG"],"InvAvgColor":[185.09918212890625,178.46772766113281,184.80171203613281],"HasTransp":true}