{"Version":2,"SourceFileDate":132874048140676479,"Flags":["FL_BITMAP_COMPRESSION","FL_BITMAP_MIPMAP","FL_BITMAP_QUALITY_HIGH","FL_BITMAP_PRECOMPUTED_INV_AVG"],"InvAvgColor":[4.8000750541687012,7.4324774742126465,7.9381222724914551],"HasTransp":true}