{"Version":2,"SourceFileDate":132850693640000000,"Flags":["FL_BITMAP_COMPRESSION","FL_BITMAP_MIPMAP","FL_BITMAP_QUALITY_HIGH","FL_BITMAP_PRECOMPUTED_INV_AVG"],"InvAvgColor":[1.2170647382736206,2.8465933799743652,3.0073270797729492],"HasTransp":true}