{"Version":2,"SourceFileDate":132857132839479049,"Flags":["FL_BITMAP_COMPRESSION","FL_BITMAP_MIPMAP","FL_BITMAP_QUALITY_HIGH","FL_BITMAP_PRECOMPUTED_INV_AVG"],"InvAvgColor":[4.5419039726257324,8.0456123352050781,63.792247772216797],"HasTransp":true}