{"Version":2,"SourceFileDate":132851750588002327,"Flags":["FL_BITMAP_COMPRESSION","FL_BITMAP_MIPMAP","FL_BITMAP_QUALITY_HIGH","FL_BITMAP_PRECOMPUTED_INV_AVG"],"InvAvgColor":[1.9824469089508057,3.5106711387634277,66.7244873046875],"HasTransp":true}