{"Version":2,"SourceFileDate":132851005053309914,"Flags":["FL_BITMAP_COMPRESSION","FL_BITMAP_MIPMAP","FL_BITMAP_QUALITY_HIGH","FL_BITMAP_PRECOMPUTED_INV_AVG"],"InvAvgColor":[7.794945240020752,13.798033714294434,108.06978607177734],"HasTransp":true}