{"Version":2,"SourceFileDate":132851010434608268,"Flags":["FL_BITMAP_COMPRESSION","FL_BITMAP_MIPMAP","FL_BITMAP_QUALITY_HIGH","FL_BITMAP_PRECOMPUTED_INV_AVG"],"InvAvgColor":[4.1497845649719238,7.3518657684326172,58.367511749267578],"HasTransp":true}