{"Version":2,"SourceFileDate":132851005766237391,"Flags":["FL_BITMAP_COMPRESSION","FL_BITMAP_MIPMAP","FL_BITMAP_QUALITY_HIGH","FL_BITMAP_PRECOMPUTED_INV_AVG"],"InvAvgColor":[4.8110561370849609,8.5219297409057617,67.501258850097656],"HasTransp":true}