{"Version":2,"SourceFileDate":132874101402738324,"Flags":["FL_BITMAP_COMPRESSION","FL_BITMAP_MIPMAP","FL_BITMAP_QUALITY_HIGH","FL_BITMAP_PRECOMPUTED_INV_AVG"],"InvAvgColor":[2.1027052402496338,1.9531668424606323,2.0129237174987793]}