{"Version":2,"SourceFileDate":132850693330000000,"Flags":["FL_BITMAP_COMPRESSION","FL_BITMAP_MIPMAP","FL_BITMAP_QUALITY_HIGH","FL_BITMAP_PRECOMPUTED_INV_AVG"],"InvAvgColor":[1.226009726524353,3.0307042598724365,3.2192747592926025],"HasTransp":true}