{"Version":2,"SourceFileDate":132851004858737646,"Flags":["FL_BITMAP_COMPRESSION","FL_BITMAP_MIPMAP","FL_BITMAP_QUALITY_HIGH","FL_BITMAP_PRECOMPUTED_INV_AVG"],"InvAvgColor":[5.7096571922302246,10.111319541931152,79.823562622070312],"HasTransp":true}