{"Version":2,"SourceFileDate":132851004482095549,"Flags":["FL_BITMAP_COMPRESSION","FL_BITMAP_MIPMAP","FL_BITMAP_QUALITY_HIGH","FL_BITMAP_PRECOMPUTED_INV_AVG"],"InvAvgColor":[3.9202742576599121,6.9454102516174316,55.200019836425781],"HasTransp":true}