{"Version":2,"SourceFileDate":132851007015195003,"Flags":["FL_BITMAP_COMPRESSION","FL_BITMAP_MIPMAP","FL_BITMAP_QUALITY_HIGH","FL_BITMAP_PRECOMPUTED_INV_AVG"],"InvAvgColor":[5.1257905960083008,9.0787544250488281,71.823532104492188],"HasTransp":true}