{"Version":2,"SourceFileDate":132851008480333169,"Flags":["FL_BITMAP_COMPRESSION","FL_BITMAP_MIPMAP","FL_BITMAP_QUALITY_HIGH","FL_BITMAP_PRECOMPUTED_INV_AVG"],"InvAvgColor":[6.4300265312194824,11.385117530822754,89.637954711914062],"HasTransp":true}