{"Version":2,"SourceFileDate":132874028199460163,"Flags":["FL_BITMAP_COMPRESSION","FL_BITMAP_MIPMAP","FL_BITMAP_QUALITY_HIGH","FL_BITMAP_PRECOMPUTED_INV_AVG"],"InvAvgColor":[3.1715896129608154,3.2715075016021729,3.9982428550720215]}