{"Version":2,"SourceFileDate":132853301690769562,"Flags":["FL_BITMAP_COMPRESSION","FL_BITMAP_MIPMAP","FL_BITMAP_QUALITY_HIGH","FL_BITMAP_PRECOMPUTED_INV_AVG"],"InvAvgColor":[1.4655752182006836,2.2214701175689697,1.8587826490402222],"HasTransp":true}