{"Version":2,"SourceFileDate":132874021724026332,"Flags":["FL_BITMAP_COMPRESSION","FL_BITMAP_MIPMAP","FL_BITMAP_QUALITY_HIGH","FL_BITMAP_PRECOMPUTED_INV_AVG"],"InvAvgColor":[2.3128387928009033,3.2506134510040283,5.1337113380432129],"HasTransp":true}