{"Version":2,"SourceFileDate":132878704839809225,"Flags":["FL_BITMAP_COMPRESSION","FL_BITMAP_MIPMAP","FL_BITMAP_QUALITY_HIGH","FL_BITMAP_PRECOMPUTED_INV_AVG"],"InvAvgColor":[6.3471465110778809,11.238585472106934,88.515701293945312],"HasTransp":true}