{"Version":2,"SourceFileDate":132852848584018354,"Flags":["FL_BITMAP_COMPRESSION","FL_BITMAP_MIPMAP","FL_BITMAP_QUALITY_HIGH","FL_BITMAP_PRECOMPUTED_INV_AVG"],"InvAvgColor":[5.8810405731201172,10.414599418640137,82.164306640625],"HasTransp":true}