{"Version":2,"SourceFileDate":132879294771155013,"Flags":["FL_BITMAP_COMPRESSION","FL_BITMAP_MIPMAP","FL_BITMAP_QUALITY_HIGH","FL_BITMAP_PRECOMPUTED_INV_AVG"],"InvAvgColor":[2.6504359245300293,2.6504404544830322,2.650435209274292],"HasTransp":true}