{"Version":2,"SourceFileDate":132852846702059043,"Flags":["FL_BITMAP_COMPRESSION","FL_BITMAP_MIPMAP","FL_BITMAP_QUALITY_HIGH","FL_BITMAP_PRECOMPUTED_INV_AVG"],"InvAvgColor":[4.1443972587585449,7.3423590660095215,58.295188903808594],"HasTransp":true}