{"Version":2,"SourceFileDate":132874048261958786,"Flags":["FL_BITMAP_COMPRESSION","FL_BITMAP_MIPMAP","FL_BITMAP_QUALITY_HIGH","FL_BITMAP_PRECOMPUTED_INV_AVG"],"InvAvgColor":[65.20953369140625,64.366264343261719,65.235427856445312],"HasTransp":true}