{"Version":2,"SourceFileDate":132853670300811478,"Flags":["FL_BITMAP_COMPRESSION","FL_BITMAP_MIPMAP","FL_BITMAP_QUALITY_HIGH","FL_BITMAP_PRECOMPUTED_INV_AVG"],"InvAvgColor":[3.5075111389160156,3727.8818359375,363.59902954101562],"HasTransp":true}