{"Version":2,"SourceFileDate":132851008974280439,"Flags":["FL_BITMAP_COMPRESSION","FL_BITMAP_MIPMAP","FL_BITMAP_QUALITY_HIGH","FL_BITMAP_PRECOMPUTED_INV_AVG"],"InvAvgColor":[5.5929222106933594,9.9051065444946289,78.223274230957031],"HasTransp":true}