{"Version":2,"SourceFileDate":132851750990980920,"Flags":["FL_BITMAP_COMPRESSION","FL_BITMAP_MIPMAP","FL_BITMAP_QUALITY_HIGH","FL_BITMAP_PRECOMPUTED_INV_AVG"],"InvAvgColor":[1.0572240352630615,1.0582461357116699,1.0573385953903198],"HasTransp":true}