{"Version":2,"SourceFileDate":132851009393541754,"Flags":["FL_BITMAP_COMPRESSION","FL_BITMAP_MIPMAP","FL_BITMAP_QUALITY_HIGH","FL_BITMAP_PRECOMPUTED_INV_AVG"],"InvAvgColor":[3.494471549987793,6.1917924880981445,49.284130096435547],"HasTransp":true}