{"Version":2,"SourceFileDate":132851005360665808,"Flags":["FL_BITMAP_COMPRESSION","FL_BITMAP_MIPMAP","FL_BITMAP_QUALITY_HIGH","FL_BITMAP_PRECOMPUTED_INV_AVG"],"InvAvgColor":[5.7957658767700195,10.264035224914551,80.994422912597656],"HasTransp":true}